2022-09-26 15:35:30,3.40
2022-09-26 15:35:35,5.78
2022-09-26 15:35:40,11.4
2022-09-26 15:35:45,11.4
2022-09-26 15:35:50,11.4
2022-09-26 15:35:55,11.8
2022-09-26 15:36:00,12.8
2022-09-26 15:36:05,14.4
2022-09-26 15:36:10,16.2
2022-09-26 15:36:15,19.7
2022-09-26 15:36:20,25.4
2022-09-26 15:36:25,32.9
2022-09-26 15:36:30,42.1
2022-09-26 15:36:35,50.8
2022-09-26 15:36:40,67.5
2022-09-26 15:36:45,86.8
2022-09-26 15:36:50,108
2022-09-26 15:36:55,132
2022-09-26 15:37:00,156
2022-09-26 15:37:05,182
2022-09-26 15:37:10,207
2022-09-26 15:37:15,230
2022-09-26 15:37:20,250
2022-09-26 15:37:25,268
2022-09-26 15:37:30,282
2022-09-26 15:37:35,293
2022-09-26 15:37:40,300
2022-09-26 15:37:45,303
2022-09-26 15:37:50,303
2022-09-26 15:37:55,301
2022-09-26 15:38:00,298
2022-09-26 15:38:05,294
2022-09-26 15:38:10,289
2022-09-26 15:38:15,285
2022-09-26 15:38:20,282
2022-09-26 15:38:25,280
2022-09-26 15:38:30,280
2022-09-26 15:38:35,282
2022-09-26 15:38:40,287
2022-09-26 15:38:45,294
2022-09-26 15:38:50,302
2022-09-26 15:38:55,309
2022-09-26 15:39:00,316
2022-09-26 15:39:05,323
2022-09-26 15:39:10,329
2022-09-26 15:39:15,334
2022-09-26 15:39:20,339
2022-09-26 15:39:25,343
2022-09-26 15:39:30,345
2022-09-26 15:39:35,346
2022-09-26 15:39:40,345
2022-09-26 15:39:45,344
2022-09-26 15:39:50,343
2022-09-26 15:39:55,341
2022-09-26 15:40:00,339
2022-09-26 15:40:05,333
2022-09-26 15:40:10,332
2022-09-26 15:40:15,332
2022-09-26 15:40:20,331
2022-09-26 15:40:25,330
2022-09-26 15:40:30,329
2022-09-26 15:40:35,328
2022-09-26 15:40:40,327
2022-09-26 15:40:45,325
2022-09-26 15:40:50,324
2022-09-26 15:40:55,323
2022-09-26 15:41:00,327
2022-09-26 15:41:05,324
2022-09-26 15:41:10,322
2022-09-26 15:41:15,320
2022-09-26 15:41:20,317
2022-09-26 15:41:25,314
2022-09-26 15:41:30,311
2022-09-26 15:41:35,308
2022-09-26 15:41:40,305
2022-09-26 15:41:45,302
2022-09-26 15:41:50,298
2022-09-26 15:41:55,294
2022-09-26 15:42:00,290
2022-09-26 15:42:05,287
2022-09-26 15:42:10,283
2022-09-26 15:42:15,279
2022-09-26 15:42:20,275
2022-09-26 15:42:25,272
2022-09-26 15:42:30,268
2022-09-26 15:42:35,264
2022-09-26 15:42:40,260
2022-09-26 15:42:45,257
2022-09-26 15:42:50,253
2022-09-26 15:42:55,249
2022-09-26 15:43:00,245
2022-09-26 15:43:05,240
2022-09-26 15:43:10,235
2022-09-26 15:43:15,231
2022-09-26 15:43:20,225
2022-09-26 15:43:25,220
2022-09-26 15:43:30,215
2022-09-26 15:43:35,209
2022-09-26 15:43:40,204
2022-09-26 15:43:45,198
2022-09-26 15:43:50,192
2022-09-26 15:43:55,187
2022-09-26 15:44:00,181
2022-09-26 15:44:05,176
2022-09-26 15:44:10,171
2022-09-26 15:44:15,166
2022-09-26 15:44:20,162
2022-09-26 15:44:25,157
2022-09-26 15:44:30,153
2022-09-26 15:44:35,149
2022-09-26 15:44:40,146
2022-09-26 15:44:45,143
2022-09-26 15:44:50,139
2022-09-26 15:44:55,136
2022-09-26 15:45:00,133
2022-09-26 15:45:05,131
2022-09-26 15:45:10,128
2022-09-26 15:45:15,126
2022-09-26 15:45:20,123
2022-09-26 15:45:25,120
2022-09-26 15:45:30,118
2022-09-26 15:45:35,116
2022-09-26 15:45:40,113
2022-09-26 15:45:45,111
2022-09-26 15:45:50,109
2022-09-26 15:45:55,107
2022-09-26 15:46:00,105
2022-09-26 15:46:05,103
2022-09-26 15:46:10,101
2022-09-26 15:46:15,99.2
2022-09-26 15:46:20,97.8
2022-09-26 15:46:25,96.4
2022-09-26 15:46:30,95.3
2022-09-26 15:46:35,94.2
2022-09-26 15:46:40,93.3
2022-09-26 15:46:45,92.6
2022-09-26 15:46:50,91.8
2022-09-26 15:46:55,91.1
2022-09-26 15:47:00,90.5
2022-09-26 15:47:05,89.7
2022-09-26 15:47:10,89.0
2022-09-26 15:47:15,88.3
2022-09-26 15:47:20,87.5
2022-09-26 15:47:25,86.8
2022-09-26 15:47:30,86.1
2022-09-26 15:47:35,85.2
2022-09-26 15:47:40,84.4
2022-09-26 15:47:45,83.6
2022-09-26 15:47:50,82.9
2022-09-26 15:47:55,82.3
2022-09-26 15:48:00,81.7
2022-09-26 15:48:05,81.0
2022-09-26 15:48:10,80.3
2022-09-26 15:48:15,79.6
2022-09-26 15:48:20,78.8
2022-09-26 15:48:25,78.0
2022-09-26 15:48:30,77.2
2022-09-26 15:48:35,76.3
2022-09-26 15:48:40,75.5
2022-09-26 15:48:45,74.6
2022-09-26 15:48:50,73.6
2022-09-26 15:48:55,72.7
2022-09-26 15:49:00,72.0
2022-09-26 15:49:05,71.3
2022-09-26 15:49:10,70.8
2022-09-26 15:49:15,70.4
2022-09-26 15:49:20,70.0
2022-09-26 15:49:25,69.8
2022-09-26 15:49:30,69.8
2022-09-26 15:49:35,69.8
2022-09-26 15:49:40,70.1
2022-09-26 15:49:45,70.5
2022-09-26 15:49:50,70.9
2022-09-26 15:49:55,71.5
2022-09-26 15:50:00,72.0
2022-09-26 15:50:05,72.6
2022-09-26 15:50:10,73.3
2022-09-26 15:50:15,74.2
2022-09-26 15:50:20,75.1
2022-09-26 15:50:25,76.0
2022-09-26 15:50:30,77.2
2022-09-26 15:50:35,78.3
2022-09-26 15:50:40,79.5
2022-09-26 15:50:45,80.7
2022-09-26 15:50:50,81.9
2022-09-26 15:50:55,83.2
2022-09-26 15:51:00,84.6
2022-09-26 15:51:05,85.9
2022-09-26 15:51:10,87.1
2022-09-26 15:51:15,88.5
2022-09-26 15:51:20,89.1
2022-09-26 15:51:25,91.2
2022-09-26 15:51:30,90.9
2022-09-26 15:51:35,92.4
2022-09-26 15:51:40,94.1
2022-09-26 15:51:45,96.0
2022-09-26 15:51:50,98.0
2022-09-26 15:51:55,100
2022-09-26 15:52:00,102
2022-09-26 15:52:05,105
2022-09-26 15:52:10,108
2022-09-26 15:52:15,111
2022-09-26 15:52:20,113
2022-09-26 15:52:25,118
2022-09-26 15:52:30,121
2022-09-26 15:52:35,123
2022-09-26 15:52:40,126
2022-09-26 15:52:45,129
2022-09-26 15:52:50,132
2022-09-26 15:52:55,134
2022-09-26 15:53:00,137
2022-09-26 15:53:05,139
2022-09-26 15:53:10,141
2022-09-26 15:53:15,144
2022-09-26 15:53:20,146
2022-09-26 15:53:25,148
2022-09-26 15:53:30,150
2022-09-26 15:53:35,153
2022-09-26 15:53:40,155
2022-09-26 15:53:45,158
2022-09-26 15:53:50,161
2022-09-26 15:53:55,164
2022-09-26 15:54:00,167
2022-09-26 15:54:05,170
2022-09-26 15:54:10,173
2022-09-26 15:54:15,176
2022-09-26 15:54:20,179
2022-09-26 15:54:25,183
2022-09-26 15:54:30,186
2022-09-26 15:54:35,189
2022-09-26 15:54:40,192
2022-09-26 15:54:45,194
2022-09-26 15:54:50,197
2022-09-26 15:54:55,199
2022-09-26 15:55:00,201
2022-09-26 15:55:05,203
2022-09-26 15:55:10,205
2022-09-26 15:55:15,207
2022-09-26 15:55:20,209
2022-09-26 15:55:25,211
2022-09-26 15:55:30,213
2022-09-26 15:55:35,215
2022-09-26 15:55:40,217
2022-09-26 15:55:45,219
2022-09-26 15:55:50,221
2022-09-26 15:55:55,223
2022-09-26 15:56:00,225
2022-09-26 15:56:05,227
2022-09-26 15:56:10,228
2022-09-26 15:56:15,229
2022-09-26 15:56:20,230
2022-09-26 15:56:25,231
2022-09-26 15:56:30,231
2022-09-26 15:56:35,231
2022-09-26 15:56:40,232
2022-09-26 15:56:45,232
2022-09-26 15:56:50,232
2022-09-26 15:56:55,233
2022-09-26 15:57:00,233
2022-09-26 15:57:05,233
2022-09-26 15:57:10,233
2022-09-26 15:57:15,233
2022-09-26 15:57:20,233
2022-09-26 15:57:25,234
2022-09-26 15:57:30,234
2022-09-26 15:57:35,234
2022-09-26 15:57:40,235
2022-09-26 15:57:45,235
2022-09-26 15:57:50,235
2022-09-26 15:57:55,235
2022-09-26 15:58:00,235
2022-09-26 15:58:05,235
2022-09-26 15:58:10,235
2022-09-26 15:58:15,235
2022-09-26 15:58:20,235
2022-09-26 15:58:25,235
2022-09-26 15:58:30,235
2022-09-26 15:58:35,234
2022-09-26 15:58:40,234
2022-09-26 15:58:45,234
2022-09-26 15:58:50,233
2022-09-26 15:58:55,233
2022-09-26 15:59:00,233
2022-09-26 15:59:05,232
2022-09-26 15:59:10,232
2022-09-26 15:59:15,231
2022-09-26 15:59:20,231
2022-09-26 15:59:25,230
2022-09-26 15:59:30,230
2022-09-26 15:59:35,230
2022-09-26 15:59:40,230
2022-09-26 15:59:45,229
2022-09-26 15:59:50,229
2022-09-26 15:59:55,229
2022-09-26 16:00:00,229
2022-09-26 16:00:05,229
2022-09-26 16:00:10,228
2022-09-26 16:00:15,228
2022-09-26 16:00:20,227
2022-09-26 16:00:25,227
2022-09-26 16:00:30,226
2022-09-26 16:00:35,226
2022-09-26 16:00:40,225
2022-09-26 16:00:45,224
2022-09-26 16:00:50,224
2022-09-26 16:00:55,223
2022-09-26 16:01:00,222
2022-09-26 16:01:05,221
2022-09-26 16:01:10,220
2022-09-26 16:01:15,219
2022-09-26 16:01:20,218
2022-09-26 16:01:25,217
2022-09-26 16:01:30,215
2022-09-26 16:01:35,214
2022-09-26 16:01:40,213
2022-09-26 16:01:45,212
2022-09-26 16:01:50,211
2022-09-26 16:01:55,211
2022-09-26 16:02:00,210
2022-09-26 16:02:05,210
2022-09-26 16:02:10,211
2022-09-26 16:02:15,212
2022-09-26 16:02:20,213
2022-09-26 16:02:25,215
2022-09-26 16:02:30,216
2022-09-26 16:02:35,218
2022-09-26 16:02:40,220
2022-09-26 16:02:45,222
2022-09-26 16:02:50,224
2022-09-26 16:02:55,226
2022-09-26 16:03:00,226
2022-09-26 16:03:05,232
2022-09-26 16:03:10,229
2022-09-26 16:03:15,231
2022-09-26 16:03:20,232
2022-09-26 16:03:25,234
2022-09-26 16:03:30,235
2022-09-26 16:03:35,236
2022-09-26 16:03:40,237
2022-09-26 16:03:45,238
2022-09-26 16:03:50,239
2022-09-26 16:03:55,242
2022-09-26 16:04:00,239
2022-09-26 16:04:05,244
2022-09-26 16:04:10,244
2022-09-26 16:04:15,245
2022-09-26 16:04:20,246
2022-09-26 16:04:25,247
2022-09-26 16:04:30,247
2022-09-26 16:04:35,248
2022-09-26 16:04:40,249
2022-09-26 16:04:45,250
2022-09-26 16:04:50,250
2022-09-26 16:04:55,250
2022-09-26 16:05:00,250
2022-09-26 16:05:05,249
2022-09-26 16:05:10,247
2022-09-26 16:05:15,245
2022-09-26 16:05:20,243
2022-09-26 16:05:25,240
2022-09-26 16:05:30,237
2022-09-26 16:05:35,234
2022-09-26 16:05:40,230
2022-09-26 16:05:45,227
2022-09-26 16:05:50,224
2022-09-26 16:05:55,221
2022-09-26 16:06:00,218
2022-09-26 16:06:05,215
2022-09-26 16:06:10,213
2022-09-26 16:06:15,211
2022-09-26 16:06:20,210
2022-09-26 16:06:25,208
2022-09-26 16:06:30,207
2022-09-26 16:06:35,206
2022-09-26 16:06:40,205
2022-09-26 16:06:45,204
2022-09-26 16:06:50,203
2022-09-26 16:06:55,201
2022-09-26 16:07:00,200
2022-09-26 16:07:05,199
2022-09-26 16:07:10,197
2022-09-26 16:07:15,196
2022-09-26 16:07:20,194
2022-09-26 16:07:25,193
2022-09-26 16:07:30,191
2022-09-26 16:07:35,189
2022-09-26 16:07:40,188
2022-09-26 16:07:45,186
2022-09-26 16:07:50,185
2022-09-26 16:07:55,184
2022-09-26 16:08:00,182
2022-09-26 16:08:05,181
2022-09-26 16:08:10,179
2022-09-26 16:08:15,178
2022-09-26 16:08:20,177
2022-09-26 16:08:25,176
2022-09-26 16:08:30,175
2022-09-26 16:08:35,175
2022-09-26 16:08:40,174
2022-09-26 16:08:45,175
2022-09-26 16:08:50,175
2022-09-26 16:08:55,176
2022-09-26 16:09:00,177
2022-09-26 16:09:05,178
2022-09-26 16:09:10,179
2022-09-26 16:09:15,181
2022-09-26 16:09:20,182
2022-09-26 16:09:25,183
2022-09-26 16:09:30,184
2022-09-26 16:09:35,185
2022-09-26 16:09:40,186
2022-09-26 16:09:45,186
2022-09-26 16:09:50,186
2022-09-26 16:09:55,186
2022-09-26 16:10:00,185
2022-09-26 16:10:05,185
2022-09-26 16:10:10,184
2022-09-26 16:10:15,184
2022-09-26 16:10:20,183
2022-09-26 16:10:25,181
2022-09-26 16:10:30,180
2022-09-26 16:10:35,178
2022-09-26 16:10:40,176
2022-09-26 16:10:45,173
2022-09-26 16:10:50,171
2022-09-26 16:10:55,167
2022-09-26 16:11:00,164
2022-09-26 16:11:05,160
2022-09-26 16:11:10,156
2022-09-26 16:11:15,153
2022-09-26 16:11:20,149
2022-09-26 16:11:25,145
2022-09-26 16:11:30,142
2022-09-26 16:11:35,139
2022-09-26 16:11:40,136
2022-09-26 16:11:45,134
2022-09-26 16:11:50,132
2022-09-26 16:11:55,130
2022-09-26 16:12:00,128
2022-09-26 16:12:05,127
2022-09-26 16:12:10,125
2022-09-26 16:12:15,124
2022-09-26 16:12:20,122
2022-09-26 16:12:25,120
2022-09-26 16:12:30,118
2022-09-26 16:12:35,116
2022-09-26 16:12:40,114
2022-09-26 16:12:45,112
2022-09-26 16:12:50,109
2022-09-26 16:12:55,106
2022-09-26 16:13:00,104
2022-09-26 16:13:05,101
2022-09-26 16:13:10,98.2
2022-09-26 16:13:15,95.6
2022-09-26 16:13:20,93.3
2022-09-26 16:13:25,90.9
2022-09-26 16:13:30,88.6
2022-09-26 16:13:35,86.4
2022-09-26 16:13:40,84.2
2022-09-26 16:13:45,82.1
2022-09-26 16:13:50,80.1
2022-09-26 16:13:55,77.9
2022-09-26 16:14:00,75.7
2022-09-26 16:14:05,73.6
2022-09-26 16:14:10,71.4
2022-09-26 16:14:15,69.2
2022-09-26 16:14:20,66.9
2022-09-26 16:14:25,64.6
2022-09-26 16:14:30,62.2
2022-09-26 16:14:35,59.9
2022-09-26 16:14:40,57.7
2022-09-26 16:14:45,55.6
2022-09-26 16:14:50,53.7
2022-09-26 16:14:55,52.0
2022-09-26 16:15:00,50.5
2022-09-26 16:15:05,49.1
2022-09-26 16:15:10,47.7
2022-09-26 16:15:15,46.5
2022-09-26 16:15:20,45.5
2022-09-26 16:15:25,44.5
2022-09-26 16:15:30,43.7
2022-09-26 16:15:35,42.9
2022-09-26 16:15:40,42.1
2022-09-26 16:15:45,41.1
2022-09-26 16:15:50,40.2
2022-09-26 16:15:55,39.2
2022-09-26 16:16:00,38.2
2022-09-26 16:16:05,36.9
2022-09-26 16:16:10,36
2022-09-26 16:16:15,34.8
2022-09-26 16:16:20,33.4
2022-09-26 16:16:25,32.4
2022-09-26 16:16:30,31.2
2022-09-26 16:16:35,30.1
2022-09-26 16:16:40,29.1
2022-09-26 16:16:45,28.1
2022-09-26 16:16:50,27.2
2022-09-26 16:16:55,26.3
2022-09-26 16:17:00,25.8
2022-09-26 16:17:05,24.9
2022-09-26 16:17:10,24.3
2022-09-26 16:17:15,24
2022-09-26 16:17:20,23.3
2022-09-26 16:17:25,22.9
2022-09-26 16:17:30,22.4
2022-09-26 16:17:35,21.9
2022-09-26 16:17:40,21.5
2022-09-26 16:17:45,21.2
2022-09-26 16:17:50,20.9
2022-09-26 16:17:55,20.7
2022-09-26 16:18:00,20.5
2022-09-26 16:18:05,20.4
2022-09-26 16:18:10,20.4
2022-09-26 16:18:15,20.5
2022-09-26 16:18:20,20.7
2022-09-26 16:18:25,20.9
2022-09-26 16:18:30,21.2
2022-09-26 16:18:35,21.6
2022-09-26 16:18:40,21.9
2022-09-26 16:18:45,22.4
2022-09-26 16:18:50,22.7
2022-09-26 16:18:55,23.1
2022-09-26 16:19:00,23.3
2022-09-26 16:19:05,23.5
2022-09-26 16:19:10,23.7
2022-09-26 16:19:15,23.8
2022-09-26 16:19:20,23.8
2022-09-26 16:19:25,23.9
2022-09-26 16:19:30,23.9
2022-09-26 16:19:35,23.9
2022-09-26 16:19:40,23.9
2022-09-26 16:19:45,24.0
2022-09-26 16:19:50,24.2
2022-09-26 16:19:55,24.4
2022-09-26 16:20:00,24.7
2022-09-26 16:20:05,25.1
2022-09-26 16:20:10,25.6
2022-09-26 16:20:15,26.3
2022-09-26 16:20:20,27.0
2022-09-26 16:20:25,28.0
2022-09-26 16:20:30,29.0
2022-09-26 16:20:35,30.2
2022-09-26 16:20:40,31.6
2022-09-26 16:20:45,33.1
2022-09-26 16:20:50,34.9
2022-09-26 16:20:55,36.8
2022-09-26 16:21:00,38.9
2022-09-26 16:21:05,41.2
2022-09-26 16:21:10,43.5
2022-09-26 16:21:15,46.0
2022-09-26 16:21:20,48.6
2022-09-26 16:21:25,51.4
2022-09-26 16:21:30,54.3
2022-09-26 16:21:35,57.4
2022-09-26 16:21:40,60.6
2022-09-26 16:21:45,63.9
2022-09-26 16:21:50,67.2
2022-09-26 16:21:55,70.7
2022-09-26 16:22:00,74.6
2022-09-26 16:22:05,78.8
2022-09-26 16:22:10,83.4
2022-09-26 16:22:15,88.2
2022-09-26 16:22:20,93.2
2022-09-26 16:22:25,98.4
2022-09-26 16:22:30,104
2022-09-26 16:22:35,109
2022-09-26 16:22:40,114
2022-09-26 16:22:45,120
2022-09-26 16:22:50,125
2022-09-26 16:22:55,131
2022-09-26 16:23:00,136
2022-09-26 16:23:05,140
2022-09-26 16:23:10,145
2022-09-26 16:23:15,149
2022-09-26 16:23:20,152
2022-09-26 16:23:25,156
2022-09-26 16:23:30,160
2022-09-26 16:23:35,163
2022-09-26 16:23:40,167
2022-09-26 16:23:45,170
2022-09-26 16:23:50,174
2022-09-26 16:23:55,177
2022-09-26 16:24:00,181
2022-09-26 16:24:05,185
2022-09-26 16:24:10,188
2022-09-26 16:24:15,192
2022-09-26 16:24:20,196
2022-09-26 16:24:25,200
2022-09-26 16:24:30,204
2022-09-26 16:24:35,207
2022-09-26 16:24:40,211
2022-09-26 16:24:45,214
2022-09-26 16:24:50,218
2022-09-26 16:24:55,221
2022-09-26 16:25:00,225
2022-09-26 16:25:05,229
2022-09-26 16:25:10,233
2022-09-26 16:25:15,237
2022-09-26 16:25:20,241
2022-09-26 16:25:25,246
2022-09-26 16:25:30,251
2022-09-26 16:25:35,255
2022-09-26 16:25:40,260
2022-09-26 16:25:45,264
2022-09-26 16:25:50,268
2022-09-26 16:25:55,272
2022-09-26 16:26:00,275
2022-09-26 16:26:05,277
2022-09-26 16:26:10,278
2022-09-26 16:26:15,279
2022-09-26 16:26:20,279
2022-09-26 16:26:25,279
2022-09-26 16:26:30,277
2022-09-26 16:26:35,276
2022-09-26 16:26:40,274
2022-09-26 16:26:45,272
2022-09-26 16:26:50,269
2022-09-26 16:26:55,267
2022-09-26 16:27:00,264
2022-09-26 16:27:05,262
2022-09-26 16:27:10,259
2022-09-26 16:27:15,256
2022-09-26 16:27:20,254
2022-09-26 16:27:25,252
2022-09-26 16:27:30,249
2022-09-26 16:27:35,247
2022-09-26 16:27:40,244
2022-09-26 16:27:45,241
2022-09-26 16:27:50,238
2022-09-26 16:27:55,236
2022-09-26 16:28:00,233
2022-09-26 16:28:05,231
2022-09-26 16:28:10,229
2022-09-26 16:28:15,227
2022-09-26 16:28:20,225
2022-09-26 16:28:25,223
2022-09-26 16:28:30,222
2022-09-26 16:28:35,221
2022-09-26 16:28:40,220
2022-09-26 16:28:45,219
2022-09-26 16:28:50,219
2022-09-26 16:28:55,218
2022-09-26 16:29:00,218
2022-09-26 16:29:05,217
2022-09-26 16:29:10,216
2022-09-26 16:29:15,216
2022-09-26 16:29:20,215
2022-09-26 16:29:25,215
2022-09-26 16:29:30,212
2022-09-26 16:29:35,210
2022-09-26 16:29:40,209
2022-09-26 16:29:45,209
2022-09-26 16:29:50,209
2022-09-26 16:29:55,210
2022-09-26 16:30:00,211
2022-09-26 16:30:05,212
2022-09-26 16:30:10,213
2022-09-26 16:30:15,215
2022-09-26 16:30:20,216
2022-09-26 16:30:25,220
2022-09-26 16:30:30,224
2022-09-26 16:30:35,225
2022-09-26 16:30:40,227
2022-09-26 16:30:45,228
2022-09-26 16:30:50,229
2022-09-26 16:30:55,230
2022-09-26 16:31:00,231
2022-09-26 16:31:05,232
2022-09-26 16:31:10,232
2022-09-26 16:31:15,232
2022-09-26 16:31:20,233
2022-09-26 16:31:25,233
2022-09-26 16:31:30,233
2022-09-26 16:31:35,233
2022-09-26 16:31:40,234
2022-09-26 16:31:45,234
2022-09-26 16:31:50,234
2022-09-26 16:31:55,235
2022-09-26 16:32:00,234
2022-09-26 16:32:05,234
2022-09-26 16:32:10,234
2022-09-26 16:32:15,234
2022-09-26 16:32:20,233
2022-09-26 16:32:25,232
2022-09-26 16:32:30,232
2022-09-26 16:32:35,231
2022-09-26 16:32:40,231
2022-09-26 16:32:45,231
2022-09-26 16:32:50,231
2022-09-26 16:32:55,231
2022-09-26 16:33:00,232
2022-09-26 16:33:05,232
2022-09-26 16:33:10,233
2022-09-26 16:33:15,234
2022-09-26 16:33:20,235
2022-09-26 16:33:25,235
2022-09-26 16:33:30,235
2022-09-26 16:33:35,236
2022-09-26 16:33:40,236
2022-09-26 16:33:45,235
2022-09-26 16:33:50,235
2022-09-26 16:33:55,235
2022-09-26 16:34:00,234
2022-09-26 16:34:05,233
2022-09-26 16:34:10,233
2022-09-26 16:34:15,233
2022-09-26 16:34:20,233
2022-09-26 16:34:25,233
2022-09-26 16:34:30,234
2022-09-26 16:34:35,234
2022-09-26 16:34:40,235
2022-09-26 16:34:45,235
2022-09-26 16:34:50,236
2022-09-26 16:34:55,237
2022-09-26 16:35:00,238
2022-09-26 16:35:05,238
2022-09-26 16:35:10,239
2022-09-26 16:35:15,239
2022-09-26 16:35:20,239
2022-09-26 16:35:25,239
2022-09-26 16:35:30,239
2022-09-26 16:35:35,239
2022-09-26 16:35:40,239
2022-09-26 16:35:45,239
2022-09-26 16:35:50,239
2022-09-26 16:35:55,239
2022-09-26 16:36:00,239
2022-09-26 16:36:05,238
2022-09-26 16:36:10,236
2022-09-26 16:36:15,235
2022-09-26 16:36:20,235
2022-09-26 16:36:25,234
2022-09-26 16:36:30,233
2022-09-26 16:36:35,231
2022-09-26 16:36:40,230
2022-09-26 16:36:45,228
2022-09-26 16:36:50,227
2022-09-26 16:36:55,225
2022-09-26 16:37:00,224
2022-09-26 16:37:05,224
2022-09-26 16:37:10,224
2022-09-26 16:37:15,223
2022-09-26 16:37:20,221
2022-09-26 16:37:25,221
2022-09-26 16:37:30,220
2022-09-26 16:37:35,220
2022-09-26 16:37:40,220
2022-09-26 16:37:45,220
2022-09-26 16:37:50,221
2022-09-26 16:37:55,221
2022-09-26 16:38:00,222
2022-09-26 16:38:05,223
2022-09-26 16:38:10,224
2022-09-26 16:38:15,226
2022-09-26 16:38:20,229
2022-09-26 16:38:25,232
2022-09-26 16:38:30,235
2022-09-26 16:38:35,238
2022-09-26 16:38:40,241
2022-09-26 16:38:45,245
2022-09-26 16:38:50,249
2022-09-26 16:38:55,253
2022-09-26 16:39:00,257
2022-09-26 16:39:05,260
2022-09-26 16:39:10,264
2022-09-26 16:39:15,268
2022-09-26 16:39:20,271
2022-09-26 16:39:25,275
2022-09-26 16:39:30,278
2022-09-26 16:39:35,280
2022-09-26 16:39:40,283
2022-09-26 16:39:45,286
2022-09-26 16:39:50,289
2022-09-26 16:39:55,288
2022-09-26 16:40:00,291
2022-09-26 16:40:05,294
2022-09-26 16:40:10,297
2022-09-26 16:40:15,300
2022-09-26 16:40:20,303
2022-09-26 16:40:25,306
2022-09-26 16:40:30,310
2022-09-26 16:40:35,313
2022-09-26 16:40:40,315
2022-09-26 16:40:45,317
2022-09-26 16:40:50,323
2022-09-26 16:40:55,324
2022-09-26 16:41:00,325
2022-09-26 16:41:05,326
2022-09-26 16:41:10,327
2022-09-26 16:41:15,327
2022-09-26 16:41:20,328
2022-09-26 16:41:25,327
2022-09-26 16:41:30,326
2022-09-26 16:41:35,325
2022-09-26 16:41:40,324
2022-09-26 16:41:45,322
2022-09-26 16:41:50,321
2022-09-26 16:41:55,319
2022-09-26 16:42:00,317
2022-09-26 16:42:05,314
2022-09-26 16:42:10,311
2022-09-26 16:42:15,308
2022-09-26 16:42:20,305
2022-09-26 16:42:25,302
2022-09-26 16:42:30,299
2022-09-26 16:42:35,296
2022-09-26 16:42:40,292
2022-09-26 16:42:45,289
2022-09-26 16:42:50,285
2022-09-26 16:42:55,282
2022-09-26 16:43:00,279
2022-09-26 16:43:05,276
2022-09-26 16:43:10,273
2022-09-26 16:43:15,270
2022-09-26 16:43:20,267
2022-09-26 16:43:25,264
2022-09-26 16:43:30,261
2022-09-26 16:43:35,259
2022-09-26 16:43:40,256
2022-09-26 16:43:45,254
2022-09-26 16:43:50,252
2022-09-26 16:43:55,250
2022-09-26 16:44:00,248
2022-09-26 16:44:05,246
2022-09-26 16:44:10,245
2022-09-26 16:44:15,243
2022-09-26 16:44:20,242
2022-09-26 16:44:25,241
2022-09-26 16:44:30,239
2022-09-26 16:44:35,238
2022-09-26 16:44:40,237
2022-09-26 16:44:45,236
2022-09-26 16:44:50,235
2022-09-26 16:44:55,234
2022-09-26 16:45:00,233
2022-09-26 16:45:05,232
2022-09-26 16:45:10,231
2022-09-26 16:45:15,230
2022-09-26 16:45:20,230
2022-09-26 16:45:25,229
2022-09-26 16:45:30,228
2022-09-26 16:45:35,228
2022-09-26 16:45:40,227
2022-09-26 16:45:45,226
2022-09-26 16:45:50,225
2022-09-26 16:45:55,224
2022-09-26 16:46:00,223
2022-09-26 16:46:05,223
2022-09-26 16:46:10,222
2022-09-26 16:46:15,221
2022-09-26 16:46:20,220
2022-09-26 16:46:25,218
2022-09-26 16:46:30,217
2022-09-26 16:46:35,215
2022-09-26 16:46:40,214
2022-09-26 16:46:45,212
2022-09-26 16:46:50,210
2022-09-26 16:46:55,209
2022-09-26 16:47:00,206
2022-09-26 16:47:05,204
2022-09-26 16:47:10,202
2022-09-26 16:47:15,199
2022-09-26 16:47:20,196
2022-09-26 16:47:25,193
2022-09-26 16:47:30,190
2022-09-26 16:47:35,186
2022-09-26 16:47:40,182
2022-09-26 16:47:45,178
2022-09-26 16:47:50,174
2022-09-26 16:47:55,170
2022-09-26 16:48:00,166
2022-09-26 16:48:05,162
2022-09-26 16:48:10,158
2022-09-26 16:48:15,155
2022-09-26 16:48:20,151
2022-09-26 16:48:25,148
2022-09-26 16:48:30,144
2022-09-26 16:48:35,141
2022-09-26 16:48:40,138
2022-09-26 16:48:45,135
2022-09-26 16:48:50,133
2022-09-26 16:48:55,130
2022-09-26 16:49:00,128
2022-09-26 16:49:05,125
2022-09-26 16:49:10,123
2022-09-26 16:49:15,120
2022-09-26 16:49:20,118
2022-09-26 16:49:25,115
2022-09-26 16:49:30,113
2022-09-26 16:49:35,111
2022-09-26 16:49:40,109
2022-09-26 16:49:45,106
2022-09-26 16:49:50,104
2022-09-26 16:49:55,101
2022-09-26 16:50:00,98.8
2022-09-26 16:50:05,96.4
2022-09-26 16:50:10,93.9
2022-09-26 16:50:15,91.5
2022-09-26 16:50:20,89.1
2022-09-26 16:50:25,86.6
2022-09-26 16:50:30,84.2
2022-09-26 16:50:35,81.8
2022-09-26 16:50:40,79.3
2022-09-26 16:50:45,76.9
2022-09-26 16:50:50,74.7
2022-09-26 16:50:55,72.4
2022-09-26 16:51:00,70.1
2022-09-26 16:51:05,68
2022-09-26 16:51:10,65.9
2022-09-26 16:51:15,63.9
2022-09-26 16:51:20,62
2022-09-26 16:51:25,60.1
2022-09-26 16:51:30,58.3
2022-09-26 16:51:35,56.6
2022-09-26 16:51:40,55.0
2022-09-26 16:51:45,53.4
2022-09-26 16:51:50,52.0
2022-09-26 16:51:55,50.6
2022-09-26 16:52:00,49.3
2022-09-26 16:52:05,47.9
2022-09-26 16:52:10,46.6
2022-09-26 16:52:15,45.3
2022-09-26 16:52:20,44.1
2022-09-26 16:52:25,42.9
2022-09-26 16:52:30,41.7
2022-09-26 16:52:35,40.5
2022-09-26 16:52:40,39.4
2022-09-26 16:52:45,38.1
2022-09-26 16:52:50,37.0
2022-09-26 16:52:55,36.0
2022-09-26 16:53:00,35.2
2022-09-26 16:53:05,34.4
2022-09-26 16:53:10,33.6
2022-09-26 16:53:15,32.8
2022-09-26 16:53:20,32.1
2022-09-26 16:53:25,31.5
2022-09-26 16:53:30,31.1
2022-09-26 16:53:35,30.5
2022-09-26 16:53:40,30.1
2022-09-26 16:53:45,29.7
2022-09-26 16:53:50,29.2
2022-09-26 16:53:55,28.7
2022-09-26 16:54:00,28.3
2022-09-26 16:54:05,27.9
2022-09-26 16:54:10,27.7
2022-09-26 16:54:15,27.5
2022-09-26 16:54:20,27.3
2022-09-26 16:54:25,27.2
2022-09-26 16:54:30,27.2
2022-09-26 16:54:35,27.1
2022-09-26 16:54:40,27.2
2022-09-26 16:54:45,27.3
2022-09-26 16:54:50,27.4
2022-09-26 16:54:55,27.4
2022-09-26 16:55:00,27.4
2022-09-26 16:55:05,27.3
2022-09-26 16:55:10,27.2
2022-09-26 16:55:15,27.1
2022-09-26 16:55:20,26.9
2022-09-26 16:55:25,26.7
2022-09-26 16:55:30,26.6
2022-09-26 16:55:35,26.3
2022-09-26 16:55:40,26.1
2022-09-26 16:55:45,25.9
2022-09-26 16:55:50,25.7
2022-09-26 16:55:55,25.5
2022-09-26 16:56:00,25.4
2022-09-26 16:56:05,25.3
2022-09-26 16:56:10,25.3
2022-09-26 16:56:15,25.5
2022-09-26 16:56:20,25.8
2022-09-26 16:56:25,26.2
2022-09-26 16:56:30,26.8
2022-09-26 16:56:35,27.6
2022-09-26 16:56:40,28.5
2022-09-26 16:56:45,29.6
2022-09-26 16:56:50,31.0
2022-09-26 16:56:55,32.5
2022-09-26 16:57:00,34.2
2022-09-26 16:57:05,36
2022-09-26 16:57:10,38.0
2022-09-26 16:57:15,40.0
2022-09-26 16:57:20,42.2
2022-09-26 16:57:25,44.5
2022-09-26 16:57:30,47
2022-09-26 16:57:35,49.5
2022-09-26 16:57:40,52.1
2022-09-26 16:57:45,54.9
2022-09-26 16:57:50,57.8
2022-09-26 16:57:55,60.9
2022-09-26 16:58:00,64.4
2022-09-26 16:58:05,68.2
2022-09-26 16:58:10,72.3
2022-09-26 16:58:15,76.8
2022-09-26 16:58:20,81.6
2022-09-26 16:58:25,86.6
2022-09-26 16:58:30,91.9
2022-09-26 16:58:35,97.4
2022-09-26 16:58:40,103
2022-09-26 16:58:45,109
2022-09-26 16:58:50,114
2022-09-26 16:58:55,120
2022-09-26 16:59:00,125
2022-09-26 16:59:05,130
2022-09-26 16:59:10,135
2022-09-26 16:59:15,140
2022-09-26 16:59:20,144
2022-09-26 16:59:25,148
2022-09-26 16:59:30,153
2022-09-26 16:59:35,157
2022-09-26 16:59:40,161
2022-09-26 16:59:45,165
2022-09-26 16:59:50,170
2022-09-26 16:59:55,175
2022-09-26 17:00:00,180
2022-09-26 17:00:05,184
2022-09-26 17:00:10,189
2022-09-26 17:00:15,194
2022-09-26 17:00:20,199
2022-09-26 17:00:25,205
2022-09-26 17:00:30,210
2022-09-26 17:00:35,214
2022-09-26 17:00:40,219
2022-09-26 17:00:45,223
2022-09-26 17:00:50,227
2022-09-26 17:00:55,231
2022-09-26 17:01:00,235
2022-09-26 17:01:05,239
2022-09-26 17:01:10,243
2022-09-26 17:01:15,248
2022-09-26 17:01:20,252
2022-09-26 17:01:25,256
2022-09-26 17:01:30,260
2022-09-26 17:01:35,264
2022-09-26 17:01:40,267
2022-09-26 17:01:45,271
2022-09-26 17:01:50,275
2022-09-26 17:01:55,278
2022-09-26 17:02:00,281
2022-09-26 17:02:05,284
2022-09-26 17:02:10,286
2022-09-26 17:02:15,288
2022-09-26 17:02:20,289
2022-09-26 17:02:25,290
2022-09-26 17:02:30,290
2022-09-26 17:02:35,291
2022-09-26 17:02:40,291
2022-09-26 17:02:45,291
2022-09-26 17:02:50,290
2022-09-26 17:02:55,290
2022-09-26 17:03:00,290
2022-09-26 17:03:05,289
2022-09-26 17:03:10,288
2022-09-26 17:03:15,287
2022-09-26 17:03:20,285
2022-09-26 17:03:25,284
2022-09-26 17:03:30,282
2022-09-26 17:03:35,280
2022-09-26 17:03:40,277
2022-09-26 17:03:45,274
2022-09-26 17:03:50,271
2022-09-26 17:03:55,267
2022-09-26 17:04:00,263
2022-09-26 17:04:05,259
2022-09-26 17:04:10,256
2022-09-26 17:04:15,252
2022-09-26 17:04:20,250
2022-09-26 17:04:25,247
2022-09-26 17:04:30,245
2022-09-26 17:04:35,243
2022-09-26 17:04:40,241
2022-09-26 17:04:45,240
2022-09-26 17:04:50,239
2022-09-26 17:04:55,239
2022-09-26 17:05:00,238
2022-09-26 17:05:05,237
2022-09-26 17:05:10,236
2022-09-26 17:05:15,235
2022-09-26 17:05:20,234
2022-09-26 17:05:25,232
2022-09-26 17:05:30,231
2022-09-26 17:05:35,230
2022-09-26 17:05:40,228
2022-09-26 17:05:45,227
2022-09-26 17:05:50,224
2022-09-26 17:05:55,224
2022-09-26 17:06:00,225
2022-09-26 17:06:05,225
2022-09-26 17:06:10,226
2022-09-26 17:06:15,227
2022-09-26 17:06:20,229
2022-09-26 17:06:25,230
2022-09-26 17:06:30,232
2022-09-26 17:06:35,234
2022-09-26 17:06:40,236
2022-09-26 17:06:45,240
2022-09-26 17:06:50,241
2022-09-26 17:06:55,241
2022-09-26 17:07:00,242
2022-09-26 17:07:05,242
2022-09-26 17:07:10,243
2022-09-26 17:07:15,243
2022-09-26 17:07:20,243
2022-09-26 17:07:25,244
2022-09-26 17:07:30,244
2022-09-26 17:07:35,244
2022-09-26 17:07:40,244
2022-09-26 17:07:45,244
2022-09-26 17:07:50,244
2022-09-26 17:07:55,244
2022-09-26 17:08:00,244
2022-09-26 17:08:05,243
2022-09-26 17:08:10,243
2022-09-26 17:08:15,242
2022-09-26 17:08:20,241
2022-09-26 17:08:25,240
2022-09-26 17:08:30,239
2022-09-26 17:08:35,239
2022-09-26 17:08:40,238
2022-09-26 17:08:45,238
2022-09-26 17:08:50,238
2022-09-26 17:08:55,239
2022-09-26 17:09:00,239
2022-09-26 17:09:05,240
2022-09-26 17:09:10,241
2022-09-26 17:09:15,242
2022-09-26 17:09:20,243
2022-09-26 17:09:25,245
2022-09-26 17:09:30,246
2022-09-26 17:09:35,247
2022-09-26 17:09:40,247
2022-09-26 17:09:45,248
2022-09-26 17:09:50,248
2022-09-26 17:09:55,248
2022-09-26 17:10:00,248
2022-09-26 17:10:05,248
2022-09-26 17:10:10,248
2022-09-26 17:10:15,248
2022-09-26 17:10:20,248
2022-09-26 17:10:25,248
2022-09-26 17:10:30,249
2022-09-26 17:10:35,249
2022-09-26 17:10:40,249
2022-09-26 17:10:45,249
2022-09-26 17:10:50,250
2022-09-26 17:10:55,250
2022-09-26 17:11:00,250
2022-09-26 17:11:05,251
2022-09-26 17:11:10,251
2022-09-26 17:11:15,251
2022-09-26 17:11:20,250
2022-09-26 17:11:25,250
2022-09-26 17:11:30,249
2022-09-26 17:11:35,248
2022-09-26 17:11:40,248
2022-09-26 17:11:45,247
2022-09-26 17:11:50,247
2022-09-26 17:11:55,246
2022-09-26 17:12:00,245
2022-09-26 17:12:05,245
2022-09-26 17:12:10,244
2022-09-26 17:12:15,243
2022-09-26 17:12:20,242
2022-09-26 17:12:25,241
2022-09-26 17:12:30,240
2022-09-26 17:12:35,239
2022-09-26 17:12:40,238
2022-09-26 17:12:45,236
2022-09-26 17:12:50,235
2022-09-26 17:12:55,234
2022-09-26 17:13:00,232
2022-09-26 17:13:05,231
2022-09-26 17:13:10,230
2022-09-26 17:13:15,229
2022-09-26 17:13:20,228
2022-09-26 17:13:25,227
2022-09-26 17:13:30,225
2022-09-26 17:13:35,224
2022-09-26 17:13:40,224
2022-09-26 17:13:45,223
2022-09-26 17:13:50,223
2022-09-26 17:13:55,223
2022-09-26 17:14:00,223
2022-09-26 17:14:05,224
2022-09-26 17:14:10,225
2022-09-26 17:14:15,226
2022-09-26 17:14:20,228
2022-09-26 17:14:25,231
2022-09-26 17:14:30,234
2022-09-26 17:14:35,238
2022-09-26 17:14:40,242
2022-09-26 17:14:45,246
2022-09-26 17:14:50,251
2022-09-26 17:14:55,256
2022-09-26 17:15:00,260
2022-09-26 17:15:05,265
2022-09-26 17:15:10,271
2022-09-26 17:15:15,276
2022-09-26 17:15:20,281
2022-09-26 17:15:25,286
2022-09-26 17:15:30,292
2022-09-26 17:15:35,296
2022-09-26 17:15:40,302
2022-09-26 17:15:45,306
2022-09-26 17:15:50,311
2022-09-26 17:15:55,316
2022-09-26 17:16:00,320
2022-09-26 17:16:05,324
2022-09-26 17:16:10,327
2022-09-26 17:16:15,330
2022-09-26 17:16:20,329
2022-09-26 17:16:25,336
2022-09-26 17:16:30,336
2022-09-26 17:16:35,339
2022-09-26 17:16:40,342
2022-09-26 17:16:45,344
2022-09-26 17:16:50,346
2022-09-26 17:16:55,348
2022-09-26 17:17:00,349
2022-09-26 17:17:05,352
2022-09-26 17:17:10,354
2022-09-26 17:17:15,359
2022-09-26 17:17:20,356
2022-09-26 17:17:25,360
2022-09-26 17:17:30,359
2022-09-26 17:17:35,359
2022-09-26 17:17:40,358
2022-09-26 17:17:45,358
2022-09-26 17:17:50,357
2022-09-26 17:17:55,356
2022-09-26 17:18:00,355
2022-09-26 17:18:05,354
2022-09-26 17:18:10,352
2022-09-26 17:18:15,350
2022-09-26 17:18:20,348
2022-09-26 17:18:25,346
2022-09-26 17:18:30,344
2022-09-26 17:18:35,341
2022-09-26 17:18:40,338
2022-09-26 17:18:45,335
2022-09-26 17:18:50,332
2022-09-26 17:18:55,329
2022-09-26 17:19:00,325
2022-09-26 17:19:05,322
2022-09-26 17:19:10,319
2022-09-26 17:19:15,316
2022-09-26 17:19:20,313
2022-09-26 17:19:25,310
2022-09-26 17:19:30,308
2022-09-26 17:19:35,305
2022-09-26 17:19:40,303
2022-09-26 17:19:45,301
2022-09-26 17:19:50,300
2022-09-26 17:19:55,298
2022-09-26 17:20:00,297
2022-09-26 17:20:05,296
2022-09-26 17:20:10,295
2022-09-26 17:20:15,294
2022-09-26 17:20:20,293
2022-09-26 17:20:25,293
2022-09-26 17:20:30,292
2022-09-26 17:20:35,292
2022-09-26 17:20:40,292
2022-09-26 17:20:45,292
2022-09-26 17:20:50,292
2022-09-26 17:20:55,292
2022-09-26 17:21:00,293
2022-09-26 17:21:05,294
2022-09-26 17:21:10,294
2022-09-26 17:21:15,295
2022-09-26 17:21:20,296
2022-09-26 17:21:25,296
2022-09-26 17:21:30,296
2022-09-26 17:21:35,296
2022-09-26 17:21:40,296
2022-09-26 17:21:45,295
2022-09-26 17:21:50,295
2022-09-26 17:21:55,293
2022-09-26 17:22:00,291
2022-09-26 17:22:05,289
2022-09-26 17:22:10,286
2022-09-26 17:22:15,284
2022-09-26 17:22:20,281
2022-09-26 17:22:25,278
2022-09-26 17:22:30,275
2022-09-26 17:22:35,271
2022-09-26 17:22:40,268
2022-09-26 17:22:45,264
2022-09-26 17:22:50,261
2022-09-26 17:22:55,257
2022-09-26 17:23:00,253
2022-09-26 17:23:05,250
2022-09-26 17:23:10,246
2022-09-26 17:23:15,242
2022-09-26 17:23:20,238
2022-09-26 17:23:25,234
2022-09-26 17:23:30,230
2022-09-26 17:23:35,226
2022-09-26 17:23:40,222
2022-09-26 17:23:45,218
2022-09-26 17:23:50,215
2022-09-26 17:23:55,211
2022-09-26 17:24:00,207
2022-09-26 17:24:05,204
2022-09-26 17:24:10,201
2022-09-26 17:24:15,198
2022-09-26 17:24:20,195
2022-09-26 17:24:25,192
2022-09-26 17:24:30,189
2022-09-26 17:24:35,187
2022-09-26 17:24:40,184
2022-09-26 17:24:45,182
2022-09-26 17:24:50,179
2022-09-26 17:24:55,176
2022-09-26 17:25:00,174
2022-09-26 17:25:05,171
2022-09-26 17:25:10,167
2022-09-26 17:25:15,164
2022-09-26 17:25:20,161
2022-09-26 17:25:25,158
2022-09-26 17:25:30,154
2022-09-26 17:25:35,151
2022-09-26 17:25:40,147
2022-09-26 17:25:45,143
2022-09-26 17:25:50,140
2022-09-26 17:25:55,136
2022-09-26 17:26:00,133
2022-09-26 17:26:05,129
2022-09-26 17:26:10,126
2022-09-26 17:26:15,123
2022-09-26 17:26:20,119
2022-09-26 17:26:25,116
2022-09-26 17:26:30,113
2022-09-26 17:26:35,110
2022-09-26 17:26:40,107
2022-09-26 17:26:45,104
2022-09-26 17:26:50,101
2022-09-26 17:26:55,98.6
2022-09-26 17:27:00,95.6
2022-09-26 17:27:05,91.7
2022-09-26 17:27:10,89.0
2022-09-26 17:27:15,86.4
2022-09-26 17:27:20,83.7
2022-09-26 17:27:25,81.1
2022-09-26 17:27:30,78.5
2022-09-26 17:27:35,76.1
2022-09-26 17:27:40,73.8
2022-09-26 17:27:45,71.8
2022-09-26 17:27:50,69.6
2022-09-26 17:27:55,67.9
2022-09-26 17:28:00,67.2
2022-09-26 17:28:05,65.3
2022-09-26 17:28:10,63.7
2022-09-26 17:28:15,62.1
2022-09-26 17:28:20,60.8
2022-09-26 17:28:25,59.5
2022-09-26 17:28:30,58.3
2022-09-26 17:28:35,57.1
2022-09-26 17:28:40,56.0
2022-09-26 17:28:45,55
2022-09-26 17:28:50,54.1
2022-09-26 17:28:55,53.2
2022-09-26 17:29:00,52.4
2022-09-26 17:29:05,51.6
2022-09-26 17:29:10,50.8
2022-09-26 17:29:15,49.9
2022-09-26 17:29:20,49.0
2022-09-26 17:29:25,48.1
2022-09-26 17:29:30,47.2
2022-09-26 17:29:35,46.3
2022-09-26 17:29:40,45.3
2022-09-26 17:29:45,44.3
2022-09-26 17:29:50,43.1
2022-09-26 17:29:55,42.1
2022-09-26 17:30:00,41.0
2022-09-26 17:30:05,40.0
2022-09-26 17:30:10,39.2
2022-09-26 17:30:15,38.5
2022-09-26 17:30:20,37.9
2022-09-26 17:30:25,37.2
2022-09-26 17:30:30,36.7
2022-09-26 17:30:35,36.3
2022-09-26 17:30:40,36.0
2022-09-26 17:30:45,35.8
2022-09-26 17:30:50,35.6
2022-09-26 17:30:55,35.4
2022-09-26 17:31:00,35.3
2022-09-26 17:31:05,35.0
2022-09-26 17:31:10,34.7
2022-09-26 17:31:15,34.3
2022-09-26 17:31:20,33.9
2022-09-26 17:31:25,33.4
2022-09-26 17:31:30,32.9
2022-09-26 17:31:35,32.3
2022-09-26 17:31:40,31.6
2022-09-26 17:31:45,30.9
2022-09-26 17:31:50,30.2
2022-09-26 17:31:55,29.5
2022-09-26 17:32:00,28.9
2022-09-26 17:32:05,28.3
2022-09-26 17:32:10,27.9
2022-09-26 17:32:15,27.6
2022-09-26 17:32:20,27.3
2022-09-26 17:32:25,27.3
2022-09-26 17:32:30,27.5
2022-09-26 17:32:35,27.8
2022-09-26 17:32:40,28.3
2022-09-26 17:32:45,28.9
2022-09-26 17:32:50,29.8
2022-09-26 17:32:55,30.9
2022-09-26 17:33:00,32.2
2022-09-26 17:33:05,33.6
2022-09-26 17:33:10,35.1
2022-09-26 17:33:15,36.8
2022-09-26 17:33:20,38.5
2022-09-26 17:33:25,40.3
2022-09-26 17:33:30,42.3
2022-09-26 17:33:35,44.5
2022-09-26 17:33:40,46.7
2022-09-26 17:33:45,49.2
2022-09-26 17:33:50,51.7
2022-09-26 17:33:55,54.4
2022-09-26 17:34:00,57.4
2022-09-26 17:34:05,60.7
2022-09-26 17:34:10,64.4
2022-09-26 17:34:15,68.6
2022-09-26 17:34:20,73.1
2022-09-26 17:34:25,78.0
2022-09-26 17:34:30,83.3
2022-09-26 17:34:35,88.7
2022-09-26 17:34:40,94.4
2022-09-26 17:34:45,100
2022-09-26 17:34:50,106
2022-09-26 17:34:55,113
2022-09-26 17:35:00,119
2022-09-26 17:35:05,124
2022-09-26 17:35:10,130
2022-09-26 17:35:15,135
2022-09-26 17:35:20,140
2022-09-26 17:35:25,145
2022-09-26 17:35:30,150
2022-09-26 17:35:35,154
2022-09-26 17:35:40,159
2022-09-26 17:35:45,164
2022-09-26 17:35:50,168
2022-09-26 17:35:55,173
2022-09-26 17:36:00,178
2022-09-26 17:36:05,183
2022-09-26 17:36:10,172
2022-09-26 17:36:15,158
2022-09-26 17:36:20,142
2022-09-26 17:36:25,127
2022-09-26 17:36:30,111
2022-09-26 17:36:35,94.3
2022-09-26 17:36:40,77.3
2022-09-26 17:36:45,59.8
2022-09-26 17:36:50,41.6
2022-09-26 17:36:55,23.0
2022-09-26 17:37:00,3.91
2022-09-26 17:37:05,0
2022-09-26 17:37:10,0
2022-09-26 17:37:15,0
